Provinsi;Kab/Kota;Persentase Penduduk Miskin (P0) Menurut Kabupaten/Kota (Persen);Rata-rata Lama Sekolah Penduduk 15+ (Tahun);Pengeluaran per Kapita Disesuaikan (Ribu Rupiah/Orang/Tahun);Indeks Pembangunan Manusia;Umur Harapan Hidup (Tahun);Persentase rumah tangga yang memiliki akses terhadap sanitasi layak;Persentase rumah tangga yang memiliki akses terhadap air minum layak;Tingkat Pengangguran Terbuka;Tingkat Partisipasi Angkatan Kerja;PDRB atas Dasar Harga Konstan menurut Pengeluaran (Rupiah);Klasifikasi Kemiskinan
ACEH;Simeulue;18,98;9,48;7148;66,41;65,28;71,56;87,45;5,71; 71,15 ;1648096;0
ACEH;Aceh Singkil;20,36;8,68;8776;69,22;67,43;69,56;78,58;8,36; 62,85 ;1780419;1
ACEH;Aceh Selatan;13,18;8,88;8180;67,44;64,4;62,55;79,65;6,46; 60,85 ;4345784;0
ACEH;Aceh Tenggara;13,41;9,67;8030;69,44;68,22;62,71;86,71;6,43; 69,62 ;3487157;0
ACEH;Aceh Timur;14,45;8,21;8577;67,83;68,74;66,75;83,16;7,13; 59,48 ;8433526;0
ACEH;Aceh Tengah;15,26;9,86;10780;73,37;68,86;90,58;90,10;2,61; 76,30 ;5953118;0
ACEH;Aceh Barat;18,81;9,55;9593;71,67;67,99;89,60;94,22;7,09; 60,05 ;7485861;0
ACEH;Aceh Besar;14,05;10,33;9644;73,58;69,79;87,40;82,36;7,70; 61,67 ;10261585;0
ACEH;Pidie;19,59;9;9860;70,7;66,95;54,10;89,24;7,28; 60,29 ;7975099;0
ACEH;Bireuen;13,25;9,29;8867;72,33;71,26;81,89;93,53;4,32; 65,91 ;10374480;0
ACEH;Aceh Utara;17,43;8,64;8201;69,46;68,81;79,97;91,09;8,31; 58,47 ;16924103;0
ACEH;Aceh Barat Daya;16,34;8,67;8428;66,99;65,06;65,71;95,34;4,04; 57,91 ;3069805;0
ACEH;Gayo Lues;19,64;8,4;8856;67,56;65,53;47,63;84,68;1,84; 78,99 ;1981879;0
ACEH;Aceh Tamiang;13,34;8,91;8367;69,48;69,63;87,45;83,12;5,87; 66,43 ;6062520;0
ACEH;Nagan Raya;18,23;8,69;8292;69,31;69,24;74,86;90,13;4,99; 64,99 ;7110421;0
ACEH;Aceh Jaya;13,23;8,71;9666;69,84;67,19;81,60;86,36;3,47; 72,59 ;2033844;0
ACEH;Bener Meriah;19,16;10;11118;73,27;69,26;86,69;89,71;1,24; 77,53 ;3744095;0
ACEH;Pidie Jaya;19,55;9,34;10290;73,6;70,18;74,30;93,46;3,57; 57,77 ;2635517;0
ACEH;Kota Banda Aceh;7,61;12,83;16891;85,71;71,52;99,88;99,37;8,94; 63,00 ;15454371;0
ACEH;Kota Sabang;15,32;11,18;11378;76,11;70,56;92,25;96,18;3,56; 63,71 ;1152875;0
ACEH;Kota Langsa;10,96;11,12;12067;77,44;69,43;91,81;97,14;7,21; 67,04 ;3974614;0
ACEH;Kota Lhokseumawe;11,16;11,11;11390;77,57;71,64;93,10;94,44;11,16; 63,91 ;7252905;0
ACEH;Kota Subulussalam;17,65;8,03;7385;65,27;64,07;69,71;60,87;6,26; 63,78 ;1438997;0
SUMATERA UTARA;Nias;16,82;5,64;6995;62,74;69,78;19,93;47,79;3,12; 81,79 ;2666855;0
SUMATERA UTARA;Mandailing Natal;9,49;8,63;9771;67,19;62,65;35,73;73,78;6,12; 69,79 ;9585899;0
SUMATERA UTARA;Tapanuli Selatan;8,8;9,29;11304;70,33;64,97;46,41;67,39;4,00; 74,38 ;10036712;0
SUMATERA UTARA;Tapanuli Tengah;12,67;8,84;10138;69,61;67,24;57,56;68,81;7,24; 75,05 ;7149285;0
SUMATERA UTARA;Tapanuli Utara;9,72;9,99;11710;73,76;68,76;83,79;89,06;1,54; 82,63 ;6058350;0
SUMATERA UTARA;Toba Samosir;8,99;10,57;12224;75,39;70,29;89,54;95,04;0,83; 80,38 ;5649103;0
SUMATERA UTARA;Labuhan Batu;8,74;9,25;11212;72,09;69,95;81,50;94,34;5,66; 61,84 ;24147560;0
SUMATERA UTARA;Asahan;9,35;8,8;11030;70,49;68,37;89,09;95,78;6,39; 63,02 ;27279586;0
SUMATERA UTARA;Simalungun;8,81;9,61;11376;73,4;71,37;91,75;99,74;4,17; 72,55 ;28648781;0
SUMATERA UTARA;Dairi;8,31;9,59;10504;71,84;69,19;92,35;91,90;1,49; 85,73 ;6641674;0
SUMATERA UTARA;Karo;8,79;10;12412;74,83;71,58;84,33;91,43;1,95; 84,56 ;14582333;0
SUMATERA UTARA;Deli Serdang;4,01;10,1;12291;75,53;71,77;96,37;98,18;9,13; 66,78 ;72173623;0
SUMATERA UTARA;Langkat;10,12;8,66;11142;71,35;68,97;80,76;92,51;5,12; 69,12 ;30247389;0
SUMATERA UTARA;Nias Selatan;16,92;6,06;7041;62,35;68,86;13,14;66,21;3,91; 72,25 ;4332626;0
SUMATERA UTARA;Humbang Hasundutan;9,65;9,71;8016;69,41;69,51;91,65;91,95;1,94; 84,17 ;4219138;0
SUMATERA UTARA;Pakpak Bharat;9,35;9,14;8254;67,94;65,96;90,14;70,69;1,36; 87,70 ;872403;0
SUMATERA UTARA;Samosir;12,68;9,44;8504;70,83;71,41;91,09;65,64;0,70; 84,38 ;3162101;0
SUMATERA UTARA;Serdang Bedagai;8,3;8,69;11017;70,56;68,82;93,19;98,14;3,93; 66,75 ;19863243;0
SUMATERA UTARA;Batu Bara;12,38;8,07;10539;68,58;67,13;88,04;97,83;6,62; 70,00 ;24486056;0
SUMATERA UTARA;Padang Lawas Utara;9,92;9,38;10055;70,11;67,22;67,17;77,58;3,19; 76,82 ;8593639;0
SUMATERA UTARA;Padang Lawas;8,69;9,02;8921;68,64;67,13;59,62;77,84;4,07; 75,23 ;8362135;0
SUMATERA UTARA;Labuhan Batu Selatan;8,53;8,9;11562;71,69;68,81;84,85;84,66;4,71; 66,38 ;19620408;0
SUMATERA UTARA;Labuhan Batu Utara;10,02;8,41;11840;71,87;69,56;79,75;86,75;5,74; 65,73 ;17969257;0
SUMATERA UTARA;Nias Utara;25,66;6,77;6155;62,82;69,55;46,09;58,17;3,00; 74,27 ;2417196;1
SUMATERA UTARA;Nias Barat;26,42;6,69;5924;61,99;69,08;38,02;71,52;0,74; 82,08 ;1285664;1
SUMATERA UTARA;Kota Sibolga;12,33;10,41;11540;73,94;69,25;32,33;92,40;8,72; 71,19 ;3595704;0
SUMATERA UTARA;Kota Tanjung Balai;13,4;9,45;11225;68,94;63,44;89,07;87,20;6,59; 66,57 ;5898808;0
SUMATERA UTARA;Kota Pematang Siantar;8,52;11,29;12436;79,17;73,77;88,49;99,78;11,00; 68,80 ;9547698;0
SUMATERA UTARA;Kota Tebing Tinggi;10,3;10,44;12939;75,42;70,95;95,88;99,35;8,37; 67,19 ;4024777;0
SUMATERA UTARA;Kota Medan;8,34;11,48;14999;81,21;73,23;92,71;98,80;10,81; 62,16 ;157689187;0
SUMATERA UTARA;Kota Binjai;5,81;10,94;11063;76,01;72,45;95,21;99,76;7,86; 62,77 ;8162776;0
SUMATERA UTARA;Kota Padangsidimpuan;7,53;11,09;10965;75,48;69,5;51,33;54,13;7,18; 68,69 ;4346777;0
SUMATERA UTARA;Kota Gunungsitoli;16,45;8,62;8134;69,61;71,32;45,13;74,11;4,80; 62,95 ;3519128;0
SUMATERA BARAT;Kepulauan Mentawai;14,84;7,2;6321;61,35;64,73;71,05;55,46;2,79; 82,57 ;3041549;0
SUMATERA BARAT;Pesisir Selatan;7,92;8,27;9270;70,03;70,96;71,40;76,23;5,97; 66,59 ;9790360;0
SUMATERA BARAT;Solok;8,01;7,87;10215;69,24;68,79;47,63;78,09;4,67; 71,21 ;10119822;0
SUMATERA BARAT;Sijunjung;6,8;8,12;10389;67,86;66,36;72,63;64,12;3,57; 70,06 ;6893214;0
SUMATERA BARAT;Tanah Datar;4,54;8,62;10616;72,46;70,12;53,73;86,50;4,63; 66,88 ;9891020;0
SUMATERA BARAT;Padang Pariaman;7,22;7,88;11050;70,76;68,97;55,86;86,09;8,41; 64,64 ;12199848;0
SUMATERA BARAT;Agam;6,85;8,97;9662;72,57;72,53;77,25;87,46;5,06; 66,49 ;14939509;0
SUMATERA BARAT;Lima Puluh Kota;7,29;8,07;9668;69,68;69,84;55,69;68,93;2,25; 71,33 ;11430548;0
SUMATERA BARAT;Pasaman;7,48;8,1;8440;66,77;67,59;45,26;82,57;4,92; 69,35 ;6330067;0
SUMATERA BARAT;Solok Selatan;7,52;8,32;10367;69,23;68,01;58,57;81,01;4,84; 72,11 ;4059515;0
SUMATERA BARAT;Dharmasraya;6,67;8,55;11324;71,76;71,53;82,71;70,27;5,00; 73,04 ;7709700;0
SUMATERA BARAT;Pasaman Barat;7,51;8,27;9089;68,76;67,94;70,28;81,47;5,02; 66,93 ;11682234;0
SUMATERA BARAT;Kota Padang;4,94;11,59;14540;82,9;73,69;80,13;95,52;13,37; 63,78 ;45227957;0
SUMATERA BARAT;Kota Solok;3,12;11,04;12168;78,41;73,73;91,40;96,55;5,15; 66,51 ;2936828;0
SUMATERA BARAT;Kota Sawah Lunto;2,38;10,32;10195;72,88;70,1;86,45;88,27;6,38; 68,05 ;2829590;0
SUMATERA BARAT;Kota Padang Panjang;5,92;11,63;10754;77,97;72,82;73,04;98,45;4,90; 65,94 ;2631518;0
SUMATERA BARAT;Kota Bukittinggi;5,14;11.34;13331;80,7;74,5;89,93;97,05;6,09; 67,42 ;6263130;0
SUMATERA BARAT;Kota Payakumbuh;6,16;10.81;13317;79,08;73,84;89,49;99,43;6,47; 71,73 ;4571927;0
SUMATERA BARAT;Kota Pariaman;4,38;10.67;12818;77,07;70,38;79,56;97,69;6,09; 62,70 ;3669629;0
RIAU;Kuantan Singingi;8.97;8.75;10309;70,6;68,6;87,98;85,78;2,06; 67,02 ;24689509;0
RIAU;Indragiri Hulu;6.18;8.39;10260;70,01;70,26;82,82;64,84;3,32; 68,45 ;31176538;0
RIAU;Indragiri Hilir;6,18;7,24;9945;66,63;67,98;49,64;89,60;2,66; 68,56 ;46921264;0
RIAU;Pelalawan;9,63;8,7;11672;72,08;71,24;81,13;83,61;2,34; 69,18 ;36538811;0
RIAU;Siak;5,18;9,86;11807;73,98;71,13;95,41;93,13;4,34; 64,69 ;54543286;0
RIAU;Kampar;7,82;9,27;10858;73,02;70,83;89,62;90,41;4,27; 63,06 ;53196375;0
RIAU;Rokan Hulu;10,4;8,54;9406;69,67;70,18;88,85;92,17;2,25; 66,50 ;26752468;0
RIAU;Bengkalis;6,64;9,7;11415;73,58;71,24;90,34;93,26;6,63; 66,76 ;74229737;0
RIAU;Rokan Hilir;7,18;8,26;9417;69,34;70,39;73,94;87,52;3,25; 60,74 ;46761280;0
RIAU;Kepulauan Meranti;25,68;7,84;7780;65,7;67,78;55,98;88,69;4,43; 65,60 ;13008808;1
RIAU;Kota Pekanbaru;2,83;11,92;14360;81,58;72,41;96,28;98,76;8,29; 61,61 ;72619083;0
RIAU;Kota Dumai;3,42;10,14;11818;74,75;70,98;97,03;92,86;6,29; 64,91 ;26068578;0
JAMBI;Kerinci;7,71;8,56;10184;71,45;70;66,32;74,59;2,32; 70,90 ;6844238;0
JAMBI;Merangin;9,11;7,9;10380;69,53;71,29;71,07;68,91;4,83; 69,85 ;10371678;0
JAMBI;Sarolangun;8,87;8,04;11792;70,25;69,21;76,03;69,96;5,52; 64,86 ;11397733;0
JAMBI;Batang Hari;10,05;8,12;10032;70,11;70,64;79,68;73,08;4,26; 68,81 ;12221193;0
JAMBI;Muaro Jambi;4,53;8,58;8825;69,55;71,32;89,17;80,66;5,59; 62,78 ;16847013;0
JAMBI;Tanjung Jabung Timur;11,39;6,92;9163;64,91;66,34;70,27;85,91;1,56; 71,22 ;17284926;0
JAMBI;Tanjung Jabung Barat;10,75;8;9699;68,16;68,17;81,89;91,76;2,53; 73,89 ;30976199;0
JAMBI;Tebo;6,68;7,59;10546;69,35;70,02;83,38;69,97;2,83; 70,65 ;10597493;0
JAMBI;Bungo;6,23;8,28;11670;70,15;67,83;77,58;73,63;5,86; 63,58 ;13133523;0
JAMBI;Kota Jambi;9,02;11,2;12240;79,12;72,71;93,22;95,83;10,66; 63,12 ;19515486;0
JAMBI;Kota Sungai Penuh;3,41;10,33;10454;75,7;72,21;74,04;90,55;3,00; 64,92 ;4768840;0
SUMATERA SELATAN;Ogan Komering Ulu;12,62;8,71;10040;69,6;68,24;82,72;81,78;4,57; 69,96 ;10114558;0
SUMATERA SELATAN;Ogan Komering Ilir;14,68;7,05;10755;67,17;68,67;68,09;79,02;3,01; 69,68 ;20909479;0
SUMATERA SELATAN;Muara Enim;12,32;7,8;10995;68,86;69,02;84,35;89,48;5,03; 69,57 ;43987266;0
SUMATERA SELATAN;Lahat;16,46;8,52;9735;67,58;66,16;70,44;81,67;3,60; 69,54 ;13002365;0
SUMATERA SELATAN;Musi Rawas;13,89;7,53;9550;67,01;68,26;69,22;83,15;2,78; 70,53 ;14032621;0
SUMATERA SELATAN;Musi Banyuasin;15,84;7,63;10140;68,1;68,84;71,07;79,37;3,99; 69,18 ;46128391;0
SUMATERA SELATAN;Banyu Asin;10,75;7,44;9860;67,13;69,06;72,20;76,97;3,84; 65,54 ;20767642;0
SUMATERA SELATAN;Ogan Komering Ulu Selatan;11,12;7,85;8585;65,34;67,07;56,20;77,12;3,23; 76,17 ;5985137;0
SUMATERA SELATAN;Ogan Komering Ulu Timur;10,6;7,56;11531;69,58;69,17;83,86;93,32;3,18; 71,31 ;10551001;0
SUMATERA SELATAN;Ogan Ilir;13,82;7,87;10454;67,17;65,6;67,92;72,53;3,07; 68,48 ;7775123;0
SUMATERA SELATAN;Empat Lawang;13,35;7,64;9400;65,39;65,13;51,70;51,87;2,41; 72,30 ;3605939;0
SUMATERA SELATAN;Penukal Abab Lematang Ilir;12,91;7,05;8210;64,88;68,33;94,31;87,49;3,61; 73,13 ;4819885;0
SUMATERA SELATAN;Musi Rawas Utara;20,11;7,09;9855;64,93;65,76;65,90;80,33;6,72; 69,69 ;5706543;1
SUMATERA SELATAN;Kota Palembang;11,34;10,75;14704;78,72;71,01;94,21;97,43;10,11; 63,93 ;107250192;0
SUMATERA SELATAN;Kota Prabumulih;12,2;9,97;12752;74,67;70,47;95,33;93,77;5,86; 69,41 ;5541968;0
SUMATERA SELATAN;Kota Pagar Alam;9,4;9,4;8877;68,68;66,85;58,66;93,16;1,64; 74,20 ;2332447;0
SUMATERA SELATAN;Kota Lubuklinggau;13,23;9,9;13267;74,89;69,39;85,50;96,10;6,27; 73,60 ;4470232;0
BENGKULU;Bengkulu Selatan;18,16;9,27;9916;70,75;67,93;74,74;58,22;2,55; 73,95 ;3742506;0
BENGKULU;Rejang Lebong;15,85;8,33;10323;70,77;68,75;71,50;65,07;2,45; 76,09 ;6274229;0
BENGKULU;Bengkulu Utara;11,61;8,09;10410;69,28;68,27;81,36;53,11;3,51; 67,62 ;5425357;0
BENGKULU;Kaur;18,62;8,38;8638;67,17;66,73;78,63;86,20;3,45; 69,28 ;2333305;0
BENGKULU;Seluma;18,72;8;8256;67,03;67,9;84,29;47,04;3,44; 70,13 ;2932955;0
BENGKULU;Mukomuko;11,93;8,3;10405;68,64;66,73;86,79;75,99;3,68; 64,11 ;3429923;0
BENGKULU;Lebong;12;8,18;11317;67,46;63,4;51,55;57,37;3,18; 72,01 ;2192263;0
BENGKULU;Kepahiang;14,83;8,29;9377;68,62;68,08;66,88;62,65;1,89; 75,59 ;2894350;0
BENGKULU;Bengkulu Tengah;9,68;7,48;9471;67,96;68,19;80,23;63,06;4,07; 67,32 ;2951442;0
BENGKULU;Kota Bengkulu;17,89;11,8;14108;80,54;70,2;95,80;92,21;6,35; 65,42 ;15833195;0
LAMPUNG;Lampung Barat;12,82;8,07;9969;67,9;67,65;76,50;70,96;2,83; 83,23 ;5053324;0
LAMPUNG;Tanggamus;11,81;7,34;9266;66,65;68,67;68,96;63,90;2,93; 68,76 ;10924782;0
LAMPUNG;Lampung Selatan;14,19;7,7;9931;68,49;69,42;94,40;87,92;5,27; 66,05 ;30541213;0
LAMPUNG;Lampung Timur;15,08;7,77;10026;69,66;70,78;86,29;84,35;3,05; 68,67 ;29000404;0
LAMPUNG;Lampung Tengah;11,99;7,59;11259;70,23;69,87;79,37;78,90;4,31; 72,26 ;48710038;0
LAMPUNG;Lampung Utara;19,63;8,34;8737;67,89;69,3;75,03;62,78;6,14; 66,70 ;16727892;0
LAMPUNG;Way Kanan;13,09;7,71;9173;67,57;69,46;78,66;65,12;3,36; 74,78 ;9736500;0
LAMPUNG;Tulangbawang;9,67;7,55;10735;68,73;70,01;84,83;80,65;4,10; 68,32 ;16062917;0
LAMPUNG;Pesawaran;15,11;7,71;7934;66,14;69,15;83,73;87,07;4,19; 65,42 ;11492493;0
LAMPUNG;Pringsewu;10,11;8,39;10302;70,45;70,27;88,91;96,68;4,85; 67,03 ;7870162;0
LAMPUNG;Mesuji;7,54;7,08;7980;64,04;68,26;78,98;80,27;3,42; 69,21 ;7107313;0
LAMPUNG;Tulang Bawang Barat;8,32;7,39;8422;66,22;70,03;75,33;42,81;3,35; 72,32 ;7970781;0
LAMPUNG;Pesisir Barat;14,81;8,19;8533;64,3;63,66;76,68;74,53;3,08; 74,62 ;3133190;0
LAMPUNG;Kota Bandar Lampung;9,11;10,95;12247;77,58;71,42;95,45;98,47;8,85; 67,18 ;39818098;0
LAMPUNG;Kota Metro;8,93;10,97;11916;77,49;71,66;94,64;94,53;5,00; 66,71 ;4358386;0
KEP. BANGKA BELITUNG;Bangka;4,81;8,25;12424;72,46;71,14;95,73;64,24;5,97; 62,68 ;10733700;0
KEP. BANGKA BELITUNG;Belitung;7,15;8,47;13563;72,57;71,1;94,57;66,31;3,51; 66,28 ;6710007;0
KEP. BANGKA BELITUNG;Bangka Barat;2,75;7,44;12269;69,6;70,08;89,99;80,18;3,83; 65,98 ;10331789;0
KEP. BANGKA BELITUNG;Bangka Tengah;5,13;7,2;12945;70,89;71,52;92,66;77,33;4,95; 66,24 ;5986898;0
KEP. BANGKA BELITUNG;Bangka Selatan;3,69;6,71;11768;67,06;68,35;83,39;69,15;5,29; 68,96 ;6275555;0
KEP. BANGKA BELITUNG;Belitung Timur;7,2;8,47;11760;71,42;72,1;89,46;60,01;3,78; 69,23 ;5713650;0
KEP. BANGKA BELITUNG;Kota Pangkal Pinang;4,76;10,13;15716;78,57;73,41;96,78;96,30;6,81; 65,16 ;9611883;0
KEPULAUAN RIAU;Karimun;6,85;8,18;11879;71,7;71,11;92,88;88,10;7,20; 60,86 ;9332771;0
KEPULAUAN RIAU;Bintan;6,42;8,67;14393;74,57;70,46;79,76;76,64;8,62; 63,19 ;13933491;0
KEPULAUAN RIAU;Natuna;4,95;8,92;14711;73,09;65,31;70,71;81,26;5,15; 72,31 ;14645400;0
KEPULAUAN RIAU;Lingga;13,93;6,88;11938;65,83;62,39;68,18;81,25;4,23; 64,49 ;2971547;0
KEPULAUAN RIAU;Kepulauan Anambas;7,09;7,34;11950;69,23;67,36;33,80;20,51;1,27; 70,30 ;11108487;0
KEPULAUAN RIAU;Kota Batam;5,05;11,15;18034;81,12;73,36;97,83;95,63;11,64; 71,06 ;111068955;0
KEPULAUAN RIAU;Kota Tanjung Pinang;9,57;10,26;15439;78,93;72,18;84,47;91,66;6,31; 60,56 ;14020211;0
DKI JAKARTA;Kepulauan Seribu;15,06;8,81;12587;72,1;68,99;83,75;94,22;8,58; 65,45 ;3649179;0
DKI JAKARTA;Kota Jakarta Selatan;3,56;11,64;23888;84,9;74,2;96,51;99,96;7,33; 61,44 ;429398830;0
DKI JAKARTA;Kota Jakarta Timur;4,28;11,67;17733;82,97;74,54;96,73;99,58;8,23; 60,85 ;313842135;0
DKI JAKARTA;Kota Jakarta Pusat;4,94;11,39;17365;81,56;74,19;89,56;100,00;7,75; 63,17 ;460081046;0
DKI JAKARTA;Kota Jakarta Barat;4,31;10,78;20801;81,76;73,69;97,75;100,00;9,06; 63,21 ;327622101;0
DKI JAKARTA;Kota Jakarta Utara;7,24;10,81;18762;80,51;73,35;90,61;100,00;9,84; 65,79 ;330894597;0
JAWA BARAT;Bogor;8,13;8,31;10410;70,6;71,36;63,91;91,83;12,22; 62,55 ;159582645;0
JAWA BARAT;Sukabumi;7,7;7,1;8850;67,07;71,21;64,35;81,34;9,51; 64,93 ;47933519;0
JAWA BARAT;Cianjur;11,18;7,19;8052;65,56;70,32;58,52;86,25;9,32; 67,98 ;32897517;0
JAWA BARAT;Bandung;7,15;9,07;10307;72,73;73,72;64,51;99,07;8,32; 65,12 ;83947149;0
JAWA BARAT;Garut;10,65;7,53;7961;66,45;71,59;43,73;77,35;8,68; 62,76 ;39981191;0
JAWA BARAT;Tasikmalaya;11,15;7,48;7829;65,9;69,67;49,35;85,26;6,16; 68,18 ;25179475;0
JAWA BARAT;Ciamis;7,97;7,9;9259;70,93;72,02;66,59;90,12;5,06; 69,83 ;22774934;0
JAWA BARAT;Kuningan;13,1;7,8;9409;69,71;73,78;80,98;94,40;11,68; 63,82 ;17483024;0
JAWA BARAT;Cirebon;12,3;7,1;10368;69,12;72,18;83,41;96,54;10,38; 64,49 ;34128554;0
JAWA BARAT;Majalengka;12,33;7,31;9591;67,81;70,46;80,59;96,80;5,71; 67,63 ;22788754;0
JAWA BARAT;Sumedang;10,71;8,52;10262;71,8;72,62;87,87;94,16;9,18; 68,51 ;24414663;0
JAWA BARAT;Indramayu;13,04;6,52;9810;67,64;71,84;89,75;97,95;8,30; 69,86 ;59544866;0
JAWA BARAT;Subang;10,03;7,11;10854;69,13;72,58;85,82;98,75;9,77; 67,78 ;29023194;0
JAWA BARAT;Purwakarta;8,83;8,1;11669;70,98;71,18;72,61;81,50;10,70; 61,13 ;46840149;0
JAWA BARAT;Karawang;8,95;7,78;11522;70,94;72,33;77,19;96,63;11,83; 64,19 ;166941492;0
JAWA BARAT;Bekasi;5,21;9,3;11341;74,45;73,81;81,02;95,02;10,09; 65,87 ;251828575;0
JAWA BARAT;Bandung Barat;11,3;8,2;8546;68,29;72,52;63,78;92,47;11,65; 60,75 ;31701786;0
JAWA BARAT;Pangandaran;9,65;7,85;9065;68,28;71,6;81,49;80,78;3,25; 74,75 ;8022781;0
JAWA BARAT;Kota Bogor;7,24;10,53;11716;76,59;73,82;75,35;98,14;11,79; 61,77 ;33372476;0
JAWA BARAT;Kota Sukabumi;8,25;9,81;10942;74,6;72,58;39,64;98,37;10,78; 56,86 ;8851051;0
JAWA BARAT;Kota Bandung;4,37;10,99;16996;81,96;74,46;48,90;99,51;11,46; 65,31 ;200414035;0
JAWA BARAT;Kota Cirebon;10,03;10,12;11810;75,25;72,44;92,71;99,34;10,53; 62,87 ;17154552;0
JAWA BARAT;Kota Bekasi;4,74;11,31;15903;81,95;75,19;97,54;100,00;10,88; 64,76 ;69796936;0
JAWA BARAT;Kota Depok;2,58;11,46;15420;81,37;74,62;97,06;99,52;9,76; 62,62 ;49946927;0
JAWA BARAT;Kota Cimahi;5,35;11,08;12019;78,06;74,21;78,67;97,93;13,07; 61,79 ;23275779;0
JAWA BARAT;Kota Tasikmalaya;13,13;9,52;10213;73,31;72,34;52,62;94,40;7,66; 65,75 ;15981251;0
JAWA BARAT;Kota Banjar;7,11;8,77;10476;71,92;71,19;81,92;97,21;6,09; 64,07 ;3364261;0
JAWA TENGAH;Cilacap;11,67;7,09;10534;70,42;73,9;76,42;93,37;9,97; 62,91 ;91944588;0
JAWA TENGAH;Banyumas;13,66;7,63;11546;72,44;73,8;79,97;91,49;6,05; 65,07 ;40686808;0
JAWA TENGAH;Purbalingga;16,24;7,25;10032;69,15;73,21;76,33;85,18;6,05; 69,52 ;17731438;0
JAWA TENGAH;Banjarnegara;16,23;6,75;9407;67,86;74,28;40,75;82,61;5,86; 69,76 ;15536478;0
JAWA TENGAH;Kebumen;17,83;7,55;9028;70,05;73,55;88,99;86,36;6,03; 67,76 ;20253059;0
JAWA TENGAH;Purworejo;12,4;8,21;10275;72,98;74,87;79,81;85,99;3,59; 73,29 ;13582556;0
JAWA TENGAH;Wonosobo;17,67;6,82;10760;68,43;71,94;53,27;95,64;5,26; 70,77 ;14064765;0
JAWA TENGAH;Magelang;11,91;7,79;9440;70,12;73,88;78,40;94,14;5,03; 75,78 ;23661713;0
JAWA TENGAH;Boyolali;10,62;7,85;13031;74,4;76,03;87,72;93,42;5,09; 75,79 ;23447366;0
JAWA TENGAH;Klaten;13,49;8,81;12017;76,12;76,86;95,37;97,84;5,48; 66,89 ;28531109;0
JAWA TENGAH;Sukoharjo;8,23;9,35;11428;77,13;77,73;94,27;98,01;3,32; 68,78 ;27634118;0
JAWA TENGAH;Wonogiri;11,55;7,34;9429;70,49;76,28;92,97;98,82;2,43; 73,09 ;21251004;0
JAWA TENGAH;Karanganyar;10,68;8,57;11509;75,99;77,55;95,38;98,65;5,89; 73,15 ;27034108;0
JAWA TENGAH;Sragen;13,83;7,66;12679;74,08;75,79;89,89;98,33;4,76; 71,74 ;27355146;0
JAWA TENGAH;Grobogan;12,74;7,11;10294;70,41;74,84;89,37;76,14;4,38; 72,88 ;20115534;0
JAWA TENGAH;Blora;12,39;6,99;9669;69,37;74,51;90,51;94,84;3,81; 70,54 ;18126447;0
JAWA TENGAH;Rembang;15,8;7,3;10519;70,43;74,61;89,94;95,36;3,67; 70,67 ;13925516;0
JAWA TENGAH;Pati;10,21;7,48;10506;72,28;76,27;91,67;99,72;4,60; 68,99 ;31559079;0
JAWA TENGAH;Kudus;7,6;8,76;11272;75,16;76,68;93,80;98,90;3,77; 74,77 ;69556928;0
JAWA TENGAH;Jepara;7,44;7,79;10536;72,36;75,91;66,59;81,48;4,23; 69,55 ;21944232;0
JAWA TENGAH;Demak;12,92;7,86;10248;72,57;75,46;91,38;96,71;5,28; 66,23 ;18856416;0
JAWA TENGAH;Semarang;7,82;8,03;12070;74,24;75,79;91,01;98,25;5,02; 74,10 ;35946100;0
JAWA TENGAH;Temanggung;10,17;7,25;9408;69,88;75,64;68,05;91,87;2,62; 74,01 ;15387930;0
JAWA TENGAH;Kendal;10,24;7,46;11608;72,5;74,48;83,81;92,65;7,55; 69,93 ;31632276;0
JAWA TENGAH;Batang;9,68;6,88;9524;68,92;74,74;66,96;98,38;6,59; 71,40 ;15764266;0
JAWA TENGAH;Pekalongan;10,57;7,17;10409;70,11;73,74;78,57;96,20;4,28; 71,46 ;16615066;0
JAWA TENGAH;Pemalang;16,56;6,45;8573;66,56;73,53;77,89;95,14;6,71; 65,90 ;18916262;0
JAWA TENGAH;Tegal;8,6;6,99;9700;68,79;71,72;84,23;98,87;9,97; 66,24 ;25402911;0
JAWA TENGAH;Brebes;17,43;6,22;10152;66,32;69,54;80,10;92,60;9,78; 63,97 ;33456328;0
JAWA TENGAH;Kota Magelang;7,75;10,62;12349;79,43;76,93;84,04;100,00;8,73; 67,07 ;6513895;0
JAWA TENGAH;Kota Surakarta;9,4;10,9;14911;82,62;77,32;88,73;99,82;7,85; 66,89 ;36211248;0
JAWA TENGAH;Kota Salatiga;5,14;10,66;15843;83,6;77,55;98,07;98,78;7,26; 70,36 ;9820287;0
JAWA TENGAH;Kota Semarang;4,56;10,78;15425;83,55;77,51;93,67;98,42;9,54; 69,41 ;144710663;0
JAWA TENGAH;Kota Pekalongan;7,59;9,18;12598;75,4;74,44;94,62;99,28;6,89; 75,77 ;7601486;0
JAWA TENGAH;Kota Tegal;8,12;8,73;13143;75,52;74,54;92,77;100,00;8,25; 68,25 ;11290269;0
D I YOGYAKARTA;Kulon Progo;18,38;9,02;10069;74,71;75,27;95,95;89,33;3,69; 76,72 ;8778800;0
D I YOGYAKARTA;Bantul;14,04;9,57;15545;80,28;73,89;96,20;96,11;4,04; 71,64 ;19773332;0
D I YOGYAKARTA;Gunung Kidul;17,69;7,3;9505;70,16;74,19;96,00;94,70;2,20; 75,99 ;14216362;0
D I YOGYAKARTA;Sleman;8,64;10,92;16060;84;74,92;98,41;96,26;5,17; 73,05 ;35786977;0
D I YOGYAKARTA;Kota Yogyakarta;7,69;11,72;18801;87,18;74,76;98,17;100,00;9,13; 71,86 ;28390085;0
JAWA TIMUR;Pacitan;15,11;7,61;8887;68,57;72,07;71,70;76,71;2,04; 80,57 ;11107402;0
JAWA TIMUR;Ponorogo;10,26;7,55;9851;71,06;72,85;87,49;96,30;4,38; 72,63 ;14619969;0
JAWA TIMUR;Trenggalek;12,14;7.56;9743;70,06;73,86;75,48;75,78;3,53; 72,36 ;12959018;0
JAWA TIMUR;Tulungagung;7,51;8.34;10807;73,15;74,16;85,37;97,40;4,91; 72,26 ;27390424;0
JAWA TIMUR;Blitar;9,65;7.50;10757;71,05;73,61;75,67;93,33;3,66; 70,44 ;25700019;0
JAWA TIMUR;Kediri;11,64;8.08;11127;72,56;72,65;86,92;96,35;5,15; 69,34 ;29361672;0
JAWA TIMUR;Malang;10,5;7.43;10163;70,6;72,61;80,79;94,14;5,40; 68,49 ;68619103;0
JAWA TIMUR;Lumajang;10,05;6.67;9203;66,07;70,21;83,24;95,73;3,51; 66,19 ;22623402;0
JAWA TIMUR;Jember;10,41;6.49;9410;67,32;69,28;64,17;94,35;5,44; 68,97 ;54688719;0
JAWA TIMUR;Banyuwangi;8,07;7.42;12217;71,38;70,72;81,15;94,16;5,42; 72,32 ;55471065;0
JAWA TIMUR;Bondowoso;14,73;5.94;10690;66,59;66,89;52,82;93,44;4,46; 73,89 ;13921654;0
JAWA TIMUR;Situbondo;12,63;6.62;9996;67,78;69,24;59,79;98,88;3,68; 71,63 ;13715834;0
JAWA TIMUR;Probolinggo;18,91;6.12;10969;66,26;67,36;62,14;93,18;4,55; 73,24 ;23664388;0
JAWA TIMUR;Pasuruan;9,7;7.41;10297;68,93;70,25;82,92;97,36;6,03; 69,03 ;107630268;0
JAWA TIMUR;Sidoarjo;5,93;10.72;14578;80,65;74,06;95,05;96,82;10,87; 66,47 ;141000359;0
JAWA TIMUR;Mojokerto;10,62;8.64;12844;74,15;72,59;87,34;98,37;5,54; 70,47 ;60198699;0
JAWA TIMUR;Jombang;10;8.55;11394;73,45;72,49;90,95;99,44;7,09; 70,69 ;28553448;0
JAWA TIMUR;Nganjuk;11,85;7.78;12172;71,97;71,6;81,84;99,03;4,98; 64,24 ;18640685;0
JAWA TIMUR;Madiun;11,91;7.82;11658;71,88;71,5;89,09;95,10;4,99; 67,77 ;13372330;0
JAWA TIMUR;Magetan;10,66;8.36;11833;74,15;72,65;88,40;99,90;3,86; 73,31 ;13417032;0
JAWA TIMUR;Ngawi;15,57;7.26;11459;71,04;72,41;79,35;99,92;4,25; 72,88 ;13823456;0
JAWA TIMUR;Bojonegoro;13,27;7.38;10221;69,59;71,72;90,96;97,24;4,82; 71,84 ;65839509;0
JAWA TIMUR;Tuban;16,31;7.18;10380;68,91;71,56;83,80;96,40;4,68; 73,77 ;43984689;0
JAWA TIMUR;Lamongan;13,86;8.04;11510;73,12;72,49;89,70;81,98;4,90; 70,72 ;27896543;0
JAWA TIMUR;Gresik;12,42;9.56;13280;76,5;72,67;91,56;88,99;8,00; 69,43 ;101318686;0
JAWA TIMUR;Bangkalan;21,57;5.96;8673;64,36;70,22;39,44;97,39;8,07; 68,66 ;17152779;1
JAWA TIMUR;Sampang;23,76;4.86;8790;62,8;68,07;76,22;89,34;3,45; 70,19 ;13984568;1
JAWA TIMUR;Pamekasan;15,3;6.70;8804;66,4;67,67;70,85;89,15;3,10; 65,88 ;11496236;0
JAWA TIMUR;Sumenep;20,51;5.92;9000;67,04;71,56;65,66;98,29;2,31; 75,63 ;24161351;1
JAWA TIMUR;Kota Kediri;7,75;10.15;12359;78,6;74,04;95,75;98,95;6,37; 67,35 ;86485594;0
JAWA TIMUR;Kota Blitar;7,89;10.35;13816;78,98;73,86;96,77;97,08;6,61; 69,96 ;4924572;0
JAWA TIMUR;Kota Malang;4,62;10.41;16663;82,04;73,36;87,08;99,93;9,65; 67,59 ;53309702;0
JAWA TIMUR;Kota Probolinggo;7,44;8.95;12245;73,66;70,35;89,77;99,66;6,55; 69,71 ;8361142;0
JAWA TIMUR;Kota Pasuruan;6,88;9.33;13354;75,62;71,6;92,10;99,65;6,23; 71,66 ;5914585;0
JAWA TIMUR;Kota Mojokerto;6,39;10.47;13610;78,43;73,39;95,49;99,63;6,87; 67,09 ;4976490;0
JAWA TIMUR;Kota Madiun;5,09;11.37;16095;81,25;72,83;97,31;99,53;8,15; 66,87 ;10748101;0
JAWA TIMUR;Kota Surabaya;5,23;10.50;17862;82,31;74,18;95,20;98,06;9,68; 67,30 ;407726799;0
JAWA TIMUR;Kota Batu;4,09;9.31;12887;76,28;72,65;95,57;100,00;6,57; 73,74 ;11471435;0
BANTEN;Pandeglang;10,72;7.11;8635;65,17;64,79;49,11;82,01;7,70; 62,32 ;20127757;0
BANTEN;Lebak;10,29;6.41;8724;64,03;67,33;56,82;73,32;7,86; 66,75 ;21245043;0
BANTEN;Tangerang;7,12;8.61;12273;72,29;69,93;85,89;97,97;9,06; 63,94 ;97809902;0
BANTEN;Serang;5,49;7.51;10713;66,82;64,76;80,34;92,33;10,58; 63,86 ;54992522;0
BANTEN;Kota Tangerang;5,93;10.83;14575;78,5;71,6;94,94;98,00;9,07; 64,52 ;106705227;0
BANTEN;Kota Cilegon;4,24;10.08;13041;73,35;66,69;97,07;98,72;10,13; 61,37 ;77071368;0
BANTEN;Kota Serang;6,79;8.89;13281;72,44;68,12;90,76;98,38;9,41; 62,16 ;23374085;0
BANTEN;Kota Tangerang Selatan;2,57;11.82;15751;81,6;72,47;98,84;99,22;8,60; 62,56 ;62364158;0
BALI;Jembrana;5,06;8.35;11675;72,75;72,46;96,24;92,11;4,11; 81,26 ;8892801;0
BALI;Tabanan;5,12;9.14;14326;76,45;73,75;98,34;98,15;3,94; 74,98 ;14516578;0
BALI;Badung;2,62;10.62;17327;81,83;75,18;99,59;100,00;6,93; 72,52 ;29049519;0
BALI;Gianyar;4,85;9.29;14391;77,7;73,78;93,48;98,71;6,90; 69,88 ;17254614;0
BALI;Klungkung;5,64;8.14;11287;71,75;71,41;95,91;99,96;5,35; 72,83 ;5595883;0
BALI;Bangli;5,09;7.18;11201;69,37;70,62;87,01;91,16;1,80; 82,09 ;4384701;0
BALI;Karang Asem;6,78;6.33;10175;67,36;70,56;87,36;98,45;2,32; 81,15 ;10570603;0
BALI;Buleleng;6,12;7.25;13362;72,56;71,95;94,15;93,38;5,38; 73,08 ;21797733;0
BALI;Kota Denpasar;2,96;11.48;19598;84,03;74,93;99,97;100,00;7,02; 68,67 ;32447056;0
NUSA TENGGARA BARAT;Lombok Barat;14,47;6.42;11334;68,61;67,19;74,10;91,76;3,32; 70,48 ;10472388;0
NUSA TENGGARA BARAT;Lombok Tengah;13,44;6.29;9962;66,72;66,38;79,14;92,52;2,33; 75,05 ;12037665;0
NUSA TENGGARA BARAT;Lombok Timur;15,38;6.71;9450;66,66;66,16;84,54;95,00;2,79; 69,48 ;14410804;0
NUSA TENGGARA BARAT;Sumbawa;13,91;8.15;9167;68,01;67,73;88,01;96,88;3,39; 66,86 ;10221006;0
NUSA TENGGARA BARAT;Dompu;12,6;8.72;8899;68,45;66,99;83,72;96,57;3,02; 67,56 ;4979197;0
NUSA TENGGARA BARAT;Bima;14,88;7.91;8495;66,66;66,5;81,04;96,40;1,58; 71,65 ;8085529;0
NUSA TENGGARA BARAT;Sumbawa Barat;13,54;8.72;11548;71,85;68,31;92,93;95,41;5,52; 71,02 ;16416012;0
NUSA TENGGARA BARAT;Lombok Utara;27,04;6.04;9057;64,77;67,36;79,23;88,35;1,75; 73,43 ;3262262;1
NUSA TENGGARA BARAT;Kota Mataram;8,65;9.54;14999;79,14;71,88;91,63;98,16;5,19; 65,61 ;13476129;0
NUSA TENGGARA BARAT;Kota Bima;8,88;10.65;11135;76,11;70,5;90,68;99,93;3,56; 75,46 ;2939133;0
NUSA TENGGARA TIMUR;Sumba Barat;28,39;6.84;7307;63,83;67,12;54,33;86,70;1,74; 74,14 ;1452224;1
NUSA TENGGARA TIMUR;Sumba Timur;29,68;7.32;9354;65,74;65,16;69,06;79,63;3,35; 72,39 ;4009592;1
NUSA TENGGARA TIMUR;Kupang;22,98;7,39;7476;64,41;64,91;74,92;84,61;3,99; 73,76 ;4885118;1
NUSA TENGGARA TIMUR;Timor Tengah Selatan;26,64;6,74;6839;62,16;66,46;50,15;61,59;2,57; 78,59 ;4883924;1
NUSA TENGGARA TIMUR;Timor Tengah Utara;22,62;7,96;6324;63,69;67,09;70,03;87,35;3,88; 78,41 ;2949220;1
NUSA TENGGARA TIMUR;Belu;15,68;7,36;7431;62,77;64,89;71,80;88,28;5,35; 70,81 ;3020198;0
NUSA TENGGARA TIMUR;Alor;21,09;8,42;6751;61,37;61,64;83,16;74,43;2,59; 72,40 ;2045994;1
NUSA TENGGARA TIMUR;Lembata;26,21;8,23;7257;64,75;67,2;91,88;92,91;4,94; 68,24 ;1180363;1
NUSA TENGGARA TIMUR;Flores Timur;11,14;7,72;7578;64,22;65,31;93,06;99,04;3,81; 71,80 ;3517877;0
NUSA TENGGARA TIMUR;Sikka;13,35;6,95;8021;65,41;67,45;83,14;92,11;4,54; 73,92 ;3371315;0
NUSA TENGGARA TIMUR;Ende;24,13;8,03;9027;67,3;65,43;86,63;98,00;2,61; 77,57 ;4162984;1
NUSA TENGGARA TIMUR;Ngada;12,58;8,53;8819;67,88;68,12;91,40;94,55;2,99; 72,49 ;2335872;0
NUSA TENGGARA TIMUR;Manggarai;20,48;7,61;7133;65,01;67,11;72,84;91,68;3,70; 77,60 ;3025880;1
NUSA TENGGARA TIMUR;Rote Ndao;28,08;7,71;6503;62,6;64,88;87,53;92,31;3,67; 74,16 ;1971699;1
NUSA TENGGARA TIMUR;Manggarai Barat;17,92;7,56;7410;64,17;67,46;72,81;90,63;4,94; 73,18 ;2296768;0
NUSA TENGGARA TIMUR;Sumba Tengah;34,27;6,47;6061;61,8;68,42;50,54;60,68;1,45; 69,12 ;767260;1
NUSA TENGGARA TIMUR;Sumba Barat Daya;28,18;6,35;6355;62,29;68,57;42,15;82,75;2,04; 83,33 ;2355164;1
NUSA TENGGARA TIMUR;Nagekeo;12,91;7,9;8254;65,82;67,25;89,07;94,29;0,97; 67,19 ;1406360;0
NUSA TENGGARA TIMUR;Manggarai Timur;26,5;7,35;5780;61,37;68,07;46,98;75,63;1,96; 81,95 ;2086842;1
NUSA TENGGARA TIMUR;Sabu Raijua;30,13;6,66;5256;57,03;60,66;81,28;49,98;1,25; 68,82 ;785138;1
NUSA TENGGARA TIMUR;Malaka;16,33;7,1;5861;60,42;65,01;71,08;86,02;3,43; 70,10 ;1915540;0
NUSA TENGGARA TIMUR;Kota Kupang;9,17;11,6;13218;79,74;69,73;89,86;96,59;9,76; 62,34 ;16530278;0
KALIMANTAN BARAT;Sambas;7,66;6,72;9828;67,1;69,08;92,66;95,60;3,97; 72,84 ;13948120;0
KALIMANTAN BARAT;Bengkayang;6,48;6,8;9193;68,04;73,84;82,17;74,51;4,42; 70,16 ;5842930;0
KALIMANTAN BARAT;Landak;10,99;7,12;7431;66,21;73,04;62,85;65,54;3,22; 70,19 ;7312662;0
KALIMANTAN BARAT;Pontianak;5,18;7,04;7758;66,03;71,18;83,95;88,86;7,71; 60,86 ;5466323;0
KALIMANTAN BARAT;Sanggau;4,55;7,39;8328;66,2;71,42;70,34;81,68;3,45; 69,41 ;13790449;0
KALIMANTAN BARAT;Ketapang;10,13;7,46;9209;67,43;71,11;75,46;57,25;6,94; 64,44 ;18848703;0
KALIMANTAN BARAT;Sintang;9,28;7,08;8708;66,93;71,84;65,33;52,13;3,95; 77,78 ;9731976;0
KALIMANTAN BARAT;Kapuas Hulu;8,93;7,53;7168;65,75;72,53;69,70;77,00;4,18; 72,35 ;6510868;0
KALIMANTAN BARAT;Sekadau;6,26;6,85;7462;64,93;72,05;69,63;48,85;2,92; 71,98 ;4435321;0
KALIMANTAN BARAT;Melawi;12,01;6,91;8415;65,87;72,98;71,62;66,05;2,66; 72,31 ;3500136;0
KALIMANTAN BARAT;Kayong Utara;9,33;6,02;7920;62,9;68,48;71,34;98,84;3,78; 65,53 ;2632989;0
KALIMANTAN BARAT;Kubu Raya;4,34;7;8630;68,16;70,69;75,74;96,76;7,02; 67,47 ;18754974;0
KALIMANTAN BARAT;Kota Pontianak;4,58;10,43;14610;79,93;73,12;96,48;96,30;12,38; 61,94 ;24919417;0
KALIMANTAN BARAT;Kota Singkawang;4,83;7,9;11767;72,11;72,18;92,21;89,96;9,16; 64,31 ;6977774;0
KALIMANTAN TENGAH;Kotawaringin Barat;3,95;8,53;13117;73,07;70,68;90,73;86,62;4,70; 70,01 ;13733984;0
KALIMANTAN TENGAH;Kotawaringin Timur;5,91;8,15;11866;71,38;69,9;72,62;85,37;5,15; 66,57 ;18269734;0
KALIMANTAN TENGAH;Kapuas;5,35;7,6;11148;69,63;68,78;49,23;71,11;4,91; 70,23 ;11306032;0
KALIMANTAN TENGAH;Barito Selatan;4,62;8,95;11492;70,54;67,19;63,66;54,41;4,16; 63,48 ;4326702;0
KALIMANTAN TENGAH;Barito Utara;5,61;8,85;9951;70,79;71,3;72,23;60,00;5,14; 70,45 ;7151778;0
KALIMANTAN TENGAH;Sukamara;3,66;8,09;8773;68,27;71,56;81,37;86,10;4,65; 71,82 ;3043322;0
KALIMANTAN TENGAH;Lamandau;3,56;8,43;11234;70,58;69,39;81,89;67,26;2,30; 70,44 ;3968760;0
KALIMANTAN TENGAH;Seruyan;7,22;7,96;9420;67,67;69,26;75,65;61,04;4,25; 71,46 ;6033556;0
KALIMANTAN TENGAH;Katingan;5,25;8,68;10568;68,89;65,87;73,65;83,35;5,50; 64,38 ;5087479;0
KALIMANTAN TENGAH;Pulang Pisau;4,24;8,19;10082;68,53;68,1;63,10;87,50;2,60; 73,45 ;3596824;0
KALIMANTAN TENGAH;Gunung Mas;5,35;9,18;10809;71,03;70,46;84,88;62,89;3,11; 69,70 ;3804709;0
KALIMANTAN TENGAH;Barito Timur;6,38;9,23;11322;71,47;68,31;77,92;67,21;3,22; 78,40 ;5336339;0
KALIMANTAN TENGAH;Murung Raya;6,15;7,61;10449;68,12;69,53;59,18;61,05;3,03; 67,62 ;5975994;0
KALIMANTAN TENGAH;Kota Palangka Raya;3,75;11,53;14070;80,82;73,24;92,38;99,92;5,86; 63,30 ;11031469;0
KALIMANTAN SELATAN;Tanah Laut;4,57;7,89;11310;69,87;69,59;66,42;63,52;3,52; 72,27 ;10516399;0
KALIMANTAN SELATAN;Kota Baru;4,86;7,46;11720;69,13;69,32;70,96;64,08;5,57; 67,50 ;17887219;0
KALIMANTAN SELATAN;Banjar;3,04;7,52;12707;69,89;67,41;77,19;65,72;3,98; 70,84 ;12108903;0
KALIMANTAN SELATAN;Barito Kuala;5,11;7,55;9868;66,64;66,27;55,29;65,15;3,22; 75,48 ;5942832;0
KALIMANTAN SELATAN;Tapin;3,6;7,77;11952;70,31;70,57;79,28;78,59;4,96; 70,31 ;6575521;0
KALIMANTAN SELATAN;Hulu Sungai Selatan;4,84;7,76;12736;69,21;66,12;83,69;72,32;2,44; 69,25 ;4844532;0
KALIMANTAN SELATAN;Hulu Sungai Tengah;6,18;8,01;12280;69,05;66,2;87,62;90,76;3,76; 70,20 ;4978193;0
KALIMANTAN SELATAN;Hulu Sungai Utara;6,83;7,75;9644;66,12;64,1;88,09;88,01;4,80; 71,41 ;3409822;0
KALIMANTAN SELATAN;Tabalong;6,27;9,11;11470;72,6;70,57;96,54;72,50;3,43; 71,49 ;14957253;0
KALIMANTAN SELATAN;Tanah Bumbu;4,82;7,97;11844;71;70,45;86,70;62,41;6,83; 68,29 ;16047002;0
KALIMANTAN SELATAN;Balangan;6,07;7,69;11500;69,11;67,85;89,42;76,08;2,44; 75,38 ;9477288;0
KALIMANTAN SELATAN;Kota Banjarmasin;4,89;10,2;14432;77,57;71,29;91,48;99,67;8,47; 63,19 ;22672492;0
KALIMANTAN SELATAN;Kota Banjar Baru;4,4;10,96;13789;79,26;72,1;89,11;84,78;5,70; 65,95 ;6321365;0
KALIMANTAN TIMUR;Paser;9,73;8,79;10673;72,93;72,88;81,31;62,79;5,70; 65,34 ;36588972;0
KALIMANTAN TIMUR;Kutai Barat;10,24;8,7;10062;72,07;73,1;87,81;67,08;5,14; 72,53 ;21509219;0
KALIMANTAN TIMUR;Kutai Kartanegara;7,99;9,23;11048;74,06;72,64;84,22;76,80;5,66; 64,46 ;124178505;0
KALIMANTAN TIMUR;Kutai Timur;9,81;9,43;10868;73,81;73,46;86,52;78,97;5,35; 67,97 ;91906125;0
KALIMANTAN TIMUR;Berau;5,88;9,53;12435;75,2;72,32;88,40;87,34;5,82; 65,55 ;28802736;0
KALIMANTAN TIMUR;Penajam Paser Utara;7,61;8,36;11651;72,01;71,68;84,53;78,76;2,95; 66,85 ;6492343;0
KALIMANTAN TIMUR;Mahakam Hulu;11,9;8,18;7802;67,95;72,33;91,67;49,45;3,14; 74,83 ;1786101;0
KALIMANTAN TIMUR;Kota Balikpapan;2,89;10,91;14862;80,71;74,76;93,25;99,72;8,94; 64,29 ;86796991;0
KALIMANTAN TIMUR;Kota Samarinda;4,99;10,49;14582;80,76;74,54;97,17;96,53;8,16; 64,29 ;46282119;0
KALIMANTAN TIMUR;Kota Bontang;4,62;10,8;16765;80,59;74,55;93,95;99,85;9,92; 66,63 ;39949434;0
KALIMANTAN UTARA;Malinau;7,3;9,4;9928;72,32;71,49;67,88;70,85;4,14; 71,49 ;8190168;0
KALIMANTAN UTARA;Bulungan;10,03;9,19;9423;71,8;72,74;93,04;75,44;4,54; 68,62 ;12014801;0
KALIMANTAN UTARA;Tana Tidung;5,15;8,8;7676;67,76;71,49;83,29;85,88;5,26; 67,35 ;3818805;0
KALIMANTAN UTARA;Nunukan;6,79;8,17;7064;66,46;71,4;78,49;85,46;4,24; 66,11 ;16353329;0
KALIMANTAN UTARA;Kota Tarakan;6,71;9,98;11261;76,23;74,04;77,58;98,73;4,94; 63,34 ;22965209;0
SULAWESI UTARA;Bolaang Mongondow;7,58;8,03;10220;68,16;69,45;73,70;88,23;4,85; 62,06 ;5726207;0
SULAWESI UTARA;Minahasa;7,67;9,73;12481;75,73;71,16;88,32;88,01;6,14; 59,41 ;12095806;0
SULAWESI UTARA;Kepulauan Sangihe;11,02;8,34;11524;71,07;70,18;84,73;93,51;4,72; 63,60 ;3204803;0
SULAWESI UTARA;Kepulauan Talaud;9;9,72;8558;69,83;70,24;86,83;84,61;2,30; 79,19 ;1665598;0
SULAWESI UTARA;Minahasa Selatan;9,37;9,09;11554;72,32;70,01;87,66;90,78;4,90; 63,04 ;6371366;0
SULAWESI UTARA;Minahasa Utara;7,11;10;11481;74,11;71,4;90,75;88,20;8,12; 61,99 ;9884318;0
SULAWESI UTARA;Bolaang Mongondow Utara;8,03;8,41;9143;67,39;67,73;73,45;79,62;5,23; 64,43 ;1749563;0
SULAWESI UTARA;Siau Tagulandang Biaro;8,94;9,03;8145;68,05;70,87;93,94;96,71;3,39; 63,09 ;1681881;0
SULAWESI UTARA;Minahasa Tenggara;12,47;9,11;10479;71,06;70,21;87,91;92,98;3,39; 64,87 ;3769488;0
SULAWESI UTARA;Bolaang Mongondow Selatan;12,85;8,15;8939;65,42;64,49;70,18;86,10;4,60; 59,05 ;1386962;0
SULAWESI UTARA;Bolaang Mongondow Timur;6,1;7,93;9115;66,55;67,94;62,93;91,61;5,99; 65,07 ;1938799;0
SULAWESI UTARA;Kota Manado;6,19;11,42;13991;79,2;71,9;87,76;95,89;12,17; 59,08 ;26056517;0
SULAWESI UTARA;Kota Bitung;6,43;9,89;12271;74,2;71,1;89,35;96,68;9,96; 62,22 ;11846006;0
SULAWESI UTARA;Kota Tomohon;5,69;10,74;11851;76,86;72,06;96,42;96,34;8,84; 57,90 ;3215178;0
SULAWESI UTARA;Kota Kotamobagu;5,74;10,31;10848;73,47;70,6;71,57;98,06;7,32; 64,77 ;2497919;0
SULAWESI TENGAH;Banggai Kepulauan;13,72;8,44;7453;65,61;66,59;75,35;96,89;2,95; 71,98 ;2735237;0
SULAWESI TENGAH;Banggai;7,83;8,53;9603;70,6;70,88;82,46;95,18;3,57; 71,80 ;18864238;0
SULAWESI TENGAH;Morowali;13,75;9,34;11028;72,29;69,23;78,34;93,17;5,08; 63,75 ;54916245;0
SULAWESI TENGAH;Poso;15,92;9,5;8850;71,45;71,19;88,09;89,77;2,47; 73,54 ;6523785;0
SULAWESI TENGAH;Donggala;16,73;7,98;8002;65,72;67,5;64,90;89,42;3,50; 67,47 ;8544440;0
SULAWESI TENGAH;Toli-Toli;13,51;8,76;7947;66,3;66,18;68,09;85,92;3,13; 64,04 ;5776241;0
SULAWESI TENGAH;Buol;14,06;9,08;7974;68,25;69,05;70,20;86,25;3,64; 67,52 ;4029741;0
SULAWESI TENGAH;Parigi Moutong;15,28;7,74;9675;65,82;64,35;63,98;76,15;2,97; 68,82 ;11621816;0
SULAWESI TENGAH;Tojo Una-Una;16,6;8,4;7621;64,74;65,9;71,10;94,28;3,44; 74,86 ;3878590;0
SULAWESI TENGAH;Sigi;13,05;8,82;8171;68,49;70,09;78,31;78,08;2,38; 70,76 ;6426753;0
SULAWESI TENGAH;Banggai Laut;14,17;8,63;7707;65,65;65,67;61,77;92,44;3,35; 61,42 ;1678039;0
SULAWESI TENGAH;Morowali Utara;13,9;8,72;8890;68,48;69,71;79,88;83,00;2,98; 68,47 ;8916699;0
SULAWESI TENGAH;Kota Palu;7,17;11,72;14894;81,7;71,09;91,74;98,23;7,61; 65,07 ;16385580;0
SULAWESI SELATAN;Kepulauan Selayar;12,45;8,08;9060;67,76;68,52;75,57;89,51;2,81; 69,07 ;3765558;0
SULAWESI SELATAN;Bulukumba;7,43;7,82;10632;69,62;68,1;92,08;87,43;3,14; 65,46 ;9013584;0
SULAWESI SELATAN;Bantaeng;9,41;6,77;11829;68,99;70,6;77,80;97,23;4,07; 74,32 ;6151447;0
SULAWESI SELATAN;Jeneponto;14,28;6,6;9215;64,56;66,49;81,48;98,54;2,38; 67,39 ;7058350;0
SULAWESI SELATAN;Takalar;8,25;7,49;10543;67,72;67,3;90,15;97,04;3,93; 65,84 ;6908048;0
SULAWESI SELATAN;Gowa;7,54;8,2;9504;70,29;70,45;97,20;95,46;4,30; 68,89 ;15043696;0
SULAWESI SELATAN;Sinjai;8,84;7,78;9505;67,75;67,38;87,13;88,41;2,61; 71,91 ;7576835;0
SULAWESI SELATAN;Maros;9,57;8,01;11032;70,41;69,04;87,74;83,38;6,30; 59,61 ;12400617;0
SULAWESI SELATAN;Pangkajene Dan Kepulauan;14,28;7,92;11519;69,21;66,78;86,35;89,34;5,86; 64,43 ;17500610;0
SULAWESI SELATAN;Barru;8,68;8,24;11017;71,13;69,07;93,92;97,01;6,74; 58,14 ;5069995;0
SULAWESI SELATAN;Bone;10,52;7,23;9030;66,4;67,21;94,28;90,09;4,15; 65,67 ;23273868;0
SULAWESI SELATAN;Soppeng;7,53;7,82;9558;68,99;69,81;92,39;96,58;3,92; 58,94 ;7585976;0
SULAWESI SELATAN;Wajo;6,46;7,05;12505;69,62;67,48;95,03;87,87;4,32; 64,58 ;13569283;0
SULAWESI SELATAN;Sidenreng Rappang;5,04;7,94;12201;71,54;70,01;98,52;99,04;4,93; 58,70 ;8866074;0
SULAWESI SELATAN;Pinrang;8,81;7,87;11956;71,45;69,77;94,72;91,87;4,06; 57,78 ;13472493;0
SULAWESI SELATAN;Enrekang;12,47;8,91;10973;72,91;70,93;89,11;73,03;2,34; 72,64 ;4884373;0
SULAWESI SELATAN;Luwu;12,53;8,35;10116;70,85;70,44;88,55;83,38;4,80; 64,22 ;10449750;0
SULAWESI SELATAN;Tana Toraja;12,27;8,51;7434;69,49;73,4;83,75;71,57;3,09; 77,99 ;4780984;0
SULAWESI SELATAN;Luwu Utara;13,59;7,86;11736;70,02;68,67;93,72;84,03;3,91; 63,07 ;8491499;0
SULAWESI SELATAN;Luwu Timur;6,94;8,81;12886;73,34;70,63;92,85;79,11;4,96; 73,14 ;16030502;0
SULAWESI SELATAN;Toraja Utara;11,99;8,25;8134;69,75;73,41;87,62;72,80;2,61; 71,56 ;5357129;0
SULAWESI SELATAN;Kota Makassar;4,82;11,43;17097;82,66;72,13;93,75;99,58;13,18; 59,70 ;126312828;0
SULAWESI SELATAN;Kota Parepare;5,4;10,65;13786;78,21;71,31;98,21;99,09;6,72; 66,94 ;5161916;0
SULAWESI SELATAN;Kota Palopo;8,14;10,94;13117;78,38;70,92;92,09;96,22;8,83; 59,95 ;5768275;0
SULAWESI TENGGARA;Buton;13,92;7,92;7324;66,32;68,39;79,37;97,98;4,74; 64,42 ;2847090;0
SULAWESI TENGGARA;Muna;13,54;8,46;8218;69,17;70,41;79,85;92,10;4,97; 66,50 ;5229546;0
SULAWESI TENGGARA;Konawe;13,03;9,21;10151;71,48;70,32;89,72;86,30;4,56; 70,00 ;7826408;0
SULAWESI TENGGARA;Kolaka;12,43;8,99;12525;73,56;71,21;87,35;85,69;3,62; 69,83 ;18999351;0
SULAWESI TENGGARA;Konawe Selatan;11,34;8,11;9059;68,58;70,87;76,75;86,99;2,14; 71,98 ;8655572;0
SULAWESI TENGGARA;Bombana;10,76;8,04;8310;66,25;69,09;82,50;92,06;3,17; 72,77 ;4873717;0
SULAWESI TENGGARA;Wakatobi;14,91;8,16;9280;69,87;70,48;84,99;94,22;2,30; 70,63 ;3220931;0
SULAWESI TENGGARA;Kolaka Utara;13,79;8,22;10244;69,5;70,36;86,18;87,02;3,18; 79,76 ;6525446;0
SULAWESI TENGGARA;Buton Utara;14,89;8,93;7496;68,08;70,93;69,43;91,84;3,00; 75,63 ;2342595;0
SULAWESI TENGGARA;Konawe Utara;14,32;9,3;9181;70,23;69,53;76,58;81,06;3,36; 70,60 ;2957837;0
SULAWESI TENGGARA;Kolaka Timur;14,35;7,84;7753;67,76;72,82;88,41;93,87;3,44; 74,79 ;3413957;0
SULAWESI TENGGARA;Konawe Kepulauan;17,81;9,42;6738;65,73;68,43;78,38;97,78;1,83; 70,76 ;1071100;0
SULAWESI TENGGARA;Muna Barat;13,96;7,3;7502;65,48;70,35;73,03;95,18;2,84; 71,96 ;1926498;0
SULAWESI TENGGARA;Buton Tengah;15,8;7,31;7244;64,55;67,69;86,51;92,15;3,77; 63,93 ;1760036;0
SULAWESI TENGGARA;Buton Selatan;14,62;7,54;7279;64,99;67,69;87,22;96,12;3,92; 73,40 ;2080195;0
SULAWESI TENGGARA;Kota Kendari;4,87;12,51;14356;84,15;73,83;96,57;98,84;5,19; 65,34 ;17165185;0
SULAWESI TENGGARA;Kota Baubau;7,78;10,91;10503;76,26;71,25;96,68;99,67;6,87; 68,95 ;6844689;0
GORONTALO;Boalemo;19;7;8940;66,42;69,3;68,82;94,21;3,57; 65,56 ;3567638;0
GORONTALO;Gorontalo;17,89;7,3;9412;67,34;67,69;76,82;95,11;2,12; 65,13 ;9082312;0
GORONTALO;Pohuwato;18,08;7,26;10409;65,8;64,3;76,12;93,13;2,45; 70,09 ;4703613;0
GORONTALO;Bone Bolango;16,3;8,32;10198;70,25;68,52;73,71;93,72;3,45; 65,09 ;3224680;0
GORONTALO;Gorontalo Utara;17,23;7,15;9064;65,21;65,93;79,03;86,23;2,30; 68,57 ;2376146;0
GORONTALO;Kota Gorontalo;5,93;10,37;12390;77,41;72,53;92,90;99,62;4,55; 63,97 ;6345632;0
SULAWESI BARAT;Majene;14,34;8,91;10028;67,29;61,77;79,74;94,60;2,85; 65,35 ;3598959;0
SULAWESI BARAT;Polewali Mandar;15,68;7,44;8548;64,23;62,53;86,31;83,88;3,38; 68,98 ;9414992;0
SULAWESI BARAT;Mamasa;13,77;7,88;7736;66,63;70,94;63,08;31,51;2,18; 80,24 ;2255608;0
SULAWESI BARAT;Mamuju;7,46;7,96;9494;68,32;67,77;80,47;82,91;3,79; 70,24 ;8342016;0
SULAWESI BARAT;Mamuju Utara;4,77;8,09;11072;68,03;66,45;79,18;87,36;3,13; 69,03 ;7389296;0
SULAWESI BARAT;Mamuju Tengah;7,13;7,51;8408;66,18;68,55;81,76;77,43;2,52; 70,84 ;2282748;0
MALUKU;Maluku Tenggara Barat;27,27;9,69;6335;62,97;63,45;84,88;93,30;4,40; 68,96 ;1749807;1
MALUKU;Maluku Tenggara;22,73;9,76;7580;66,33;65,14;86,47;92,96;5,06; 64,58 ;2034006;1
MALUKU;Maluku Tengah;19,84;9,68;10243;71,32;66,45;74,24;89,61;8,07; 62,59 ;6028166;0
MALUKU;Buru;17,28;8,79;10347;69,33;66,44;69,35;96,18;4,85; 70,82 ;1611262;0
MALUKU;Kepulauan Aru;26,53;8,83;7623;63,83;62,96;39,66;84,60;1,55; 65,81 ;2356727;1
MALUKU;Seram Bagian Barat;25,27;8,92;8720;65,83;61,85;62,64;91,13;5,65; 72,20 ;2030114;1
MALUKU;Seram Bagian Timur;23,25;8,46;9480;64,3;59,62;65,25;84,43;3,88; 69,07 ;1966542;1
MALUKU;Maluku Barat Daya;29,55;8,59;6918;62,37;62,55;82,65;93,15;1,80; 76,66 ;1091807;1
MALUKU;Buru Selatan;15,89;7,95;7600;64,8;66,36;58,54;93,99;1,63; 75,39 ;923245;0
MALUKU;Kota Ambon;5,02;12,2;14148;81,23;70,63;90,56;98,30;11,32; 61,56 ;10591813;0
MALUKU;Kota Tual;23,26;10,53;7405;68,16;65,68;83,27;96,19;8,71; 60,61 ;1550124;1
MALUKU UTARA;Halmahera Barat;8,95;8,37;7467;65,56;66,34;73,32;94,73;3,26; 64,88 ;1554088;0
MALUKU UTARA;Halmahera Tengah;13,52;9,01;7966;65,82;64,15;80,70;83,71;4,23; 63,02 ;5225848;0
MALUKU UTARA;Kepulauan Sula;8,23;9;7040;63,8;63,39;81,31;84,53;2,78; 63,76 ;1663354;0
MALUKU UTARA;Halmahera Selatan;5,19;8,1;7142;64,19;65,93;57,97;90,48;1,94; 68,87 ;6532022;0
MALUKU UTARA;Halmahera Utara;5,22;8,62;7519;67,82;69,61;68,98;87,09;8,01; 64,39 ;3870036;0
MALUKU UTARA;Halmahera Timur;15,04;8,27;7973;67;69,08;70,10;65,51;6,78; 64,80 ;2491395;0
MALUKU UTARA;Pulau Morotai;6,52;7,4;6378;62,9;67,35;71,50;78,95;6,27; 67,71 ;1083770;0
MALUKU UTARA;Pulau Taliabu;7,49;7,67;6467;60,73;62,22;65,37;68,36;6,10; 69,23 ;1128880;0
MALUKU UTARA;Kota Ternate;3,55;11,81;13290;80,14;71,06;99,22;100,00;5,70; 59,58 ;7394964;0
MALUKU UTARA;Kota Tidore Kepulauan;6,58;9,95;8316;70,99;69,43;90,55;98,21;2,81; 66,20 ;2062850;0
PAPUA BARAT;Fakfak;22,86;8,97;7446;68,52;68,5;65,86;98,00;7,90; 71,53 ;3474011;1
PAPUA BARAT;Kaimana;16,04;8,58;8151;65,31;64,93;74,57;83,78;3,23; 75,65 ;1716123;0
PAPUA BARAT;Teluk Wondama;31,61;7,08;8034;60,33;60,24;61,10;19,78;2,90; 74,97 ;990094;1
PAPUA BARAT;Teluk Bintuni;29,79;8,22;9708;64,65;60,99;77,45;90,37;4,74; 67,35 ;25061823;1
PAPUA BARAT;Manokwari;20,56;8,34;11977;72,02;68,82;86,90;86,20;7,04; 71,49 ;6593321;1
PAPUA BARAT;Sorong Selatan;18,55;7,49;6188;62,46;66,39;41,00;51,38;3,55; 80,07 ;1300536;1
PAPUA BARAT;Sorong;27,78;8,33;7350;65,77;66,22;84,26;85,20;3,36; 68,89 ;8520874;0
PAPUA BARAT;Raja Ampat;17,5;8,02;7882;63,92;64,83;55,11;73,45;3,81; 66,43 ;2590412;1
PAPUA BARAT;Tambrauw;33,86;5,39;4903;53,71;60,2;69,75;37,05;1,49; 75,61 ;147485;1
PAPUA BARAT;Maybrat;31,39;6,96;5245;59,7;65,25;70,49;40,83;1,89; 81,51 ;467690;1
PAPUA BARAT;Manokwari Selatan;29,3;6,63;5505;59,85;67,6;91,54;80,77;2,90; 84,61 ;586829;1
PAPUA BARAT;Pegunungan Arfak;34,7;5,12;5009;56,13;67,26;45,21;82,47;0,70; 94,71 ;157525;0
PAPUA BARAT;Kota Sorong;15,35;11,19;13744;78,49;70,93;90,73;92,18;9,95; 61,40 ;9986993;0
PAPUA;Merauke;10,16;8,73;10201;70,49;67,07;82,10;71,35;2,19; 70,69 ;10424592;1
PAPUA;Jayawijaya;37,09;5,6;7545;58,67;59,9;23,70;43,48;1,62; 84,14 ;4659979;0
PAPUA;Jayapura;12,13;10,05;9989;72,03;67,16;71,24;74,87;7,87; 67,97 ;10271631;1
PAPUA;Nabire;23,83;10,01;8856;69,15;68,15;85,73;87,19;3,05; 73,09 ;7693272;1
PAPUA;Kepulauan Yapen;26,09;9,47;7491;67,72;69,17;68,36;80,89;2,47; 63,94 ;2901321;1
PAPUA;Biak Numfor;24,45;10,34;9607;72,33;68,29;83,32;97,67;9,49; 69,47 ;3327269;1
PAPUA;Paniai;36,59;4,77;6377;56,7;66,62;0,26;82,09;0,74; 89,26 ;3084841;1
PAPUA;Puncak Jaya;36;3,74;5289;48,99;65,33;15,79;82,87;1,74; 91,39 ;983029;1
PAPUA;Mimika;14,17;10,18;11400;74,48;72,36;83,63;91,26;5,37; 64,77 ;69619313;0
PAPUA;Boven Digoel;19,9;8,79;7864;61,62;60,32;61,71;64,50;6,73; 79,72 ;3223281;0
PAPUA;Mappi;26,05;6,51;6327;58,7;65,31;35,29;48,66;4,11; 61,60 ;1883775;1
PAPUA;Asmat;24,83;5,08;5736;51,29;58,59;31,34;98,67;0,45; 81,16 ;1563594;1
PAPUA;Yahukimo;37,64;4,27;4895;49,48;66,05;13,09;43,46;2,25; 85,47 ;1556231;1
PAPUA;Pegunungan Bintang;30,46;3,04;5429;46,28;64,54;31,28;80,88;4,43; 87,88 ;1444833;1
PAPUA;Tolikara;32,6;3,65;4841;49,6;65,83;3,24;6,60;1,12; 90,61 ;1068562;1
PAPUA;Sarmi;13,84;8,83;6617;63,94;66,46;68,36;89,82;3,50; 68,57 ;1862596;0
PAPUA;Keerom;16;8,02;8926;66,49;66,78;60,58;75,64;1,41; 76,91 ;2048897;0
PAPUA;Waropen;29,85;9,21;6788;65,1;66,42;84,68;72,89;8,56; 56,39 ;1485621;1
PAPUA;Supiori;37,91;8,87;5708;62,72;66,06;80,32;45,56;2,66; 68,56 ;781180;1
PAPUA;Mamberamo Raya;28,78;5,87;4603;52,18;58;65,19;66,10;1,91; 66,84 ;1030714;1
PAPUA;Nduga *;37,18;1,42;3976;32,84;55,43;4,35;13,35;0,00; 97,93 ;815251;1
PAPUA;Lanny Jaya;38,73;3,43;4393;48,68;66,11;2,51;0,87;0,00; 95,66 ;1202144;1
PAPUA;Mamberamo Tengah;36,76;3,33;4487;48,32;63,75;2,54;0,00;0,90; 95,84 ;769368;1
PAPUA;Yalimo;33,25;3,01;4664;49,01;65,49;0,48;59,96;0,41; 93,68 ;782619;1
PAPUA;Puncak;36,26;2,16;5412;43,17;65,86;11,43;85,03;0,94; 89,43 ;831070;1
PAPUA;Dogiyai;28,81;4,94;5415;55;65,85;12,11;71,24;5,68; 78,20 ;906904;1
PAPUA;Intan Jaya;41,66;3,09;5328;48,34;65,69;0,36;35,01;1,43; 75,75 ;767101;1
PAPUA;Deiyai;40,59;3,25;4673;49,96;65,36;0,00;85,23;0,79; 85,01 ;841296;1
PAPUA;Kota Jayapura;11,39;11,57;14937;80,11;70,52;85,31;97,10;11,67; 63,75 ;22852202;0
;;;;;;;;;;;;
;;;;;;;;;;;;
;;;;;;;;;;;;
;;;;;;;;;;;;
;;;;;;;;;;;;
;;;;;;;;;;;;
;;;;;;;;;;;;
;;;;;;;;;;;;
;;;;;;;;;;;;
;;;;;;;;;;;;
;;;;;;;;;;;;
;;;;;;;;;;;;
;;;;;;;;;;;;
;;;;;;;;;;;;
;;;;;;;;;;;;
;;;;;;;;;;;;
;;;;;;;;;;;;
;;;;;;;;;;;;
;;;;;;;;;;;;
;;;;;;;;;;;;
;;;;;;;;;;;;
;;;;;;;;;;;;
;;;;;;;;;;;;
;;;;;;;;;;;;
;;;;;;;;;;;;
;;;;;;;;;;;;
;;;;;;;;;;;;
;;;;;;;;;;;;
;;;;;;;;;;;;
;;;;;;;;;;;;
;;;;;;;;;;;;
;;;;;;;;;;;;
;;;;;;;;;;;;
;;;;;;;;;;;;
;;;;;;;;;;;;
;;;;;;;;;;;;
;;;;;;;;;;;;
;;;;;;;;;;;;
;;;;;;;;;;;;
;;;;;;;;;;;;
;;;;;;;;;;;;
;;;;;;;;;;;;
;;;;;;;;;;;;
;;;;;;;;;;;;
;;;;;;;;;;;;
;;;;;;;;;;;;
;;;;;;;;;;;;
;;;;;;;;;;;;
;;;;;;;;;;;;
;;;;;;;;;;;;
;;;;;;;;;;;;
;;;;;;;;;;;;
;;;;;;;;;;;;
;;;;;;;;;;;;
;;;;;;;;;;;;
;;;;;;;;;;;;
;;;;;;;;;;;;
;;;;;;;;;;;;
;;;;;;;;;;;;
;;;;;;;;;;;;
;;;;;;;;;;;;
;;;;;;;;;;;;
;;;;;;;;;;;;
;;;;;;;;;;;;
;;;;;;;;;;;;
;;;;;;;;;;;;
;;;;;;;;;;;;
;;;;;;;;;;;;
;;;;;;;;;;;;
;;;;;;;;;;;;
;;;;;;;;;;;;
;;;;;;;;;;;;
;;;;;;;;;;;;
;;;;;;;;;;;;
;;;;;;;;;;;;
;;;;;;;;;;;;
;;;;;;;;;;;;
;;;;;;;;;;;;
;;;;;;;;;;;;
;;;;;;;;;;;;
;;;;;;;;;;;;
;;;;;;;;;;;;
;;;;;;;;;;;;
;;;;;;;;;;;;
;;;;;;;;;;;;
;;;;;;;;;;;;
;;;;;;;;;;;;
;;;;;;;;;;;;
;;;;;;;;;;;;
;;;;;;;;;;;;
;;;;;;;;;;;;
;;;;;;;;;;;;
;;;;;;;;;;;;
;;;;;;;;;;;;
;;;;;;;;;;;;
;;;;;;;;;;;;
;;;;;;;;;;;;
;;;;;;;;;;;;
;;;;;;;;;;;;
;;;;;;;;;;;;
;;;;;;;;;;;;
;;;;;;;;;;;;
;;;;;;;;;;;;
;;;;;;;;;;;;
;;;;;;;;;;;;
;;;;;;;;;;;;
;;;;;;;;;;;;
;;;;;;;;;;;;
;;;;;;;;;;;;
;;;;;;;;;;;;
;;;;;;;;;;;;
;;;;;;;;;;;;
;;;;;;;;;;;;
;;;;;;;;;;;;
;;;;;;;;;;;;
;;;;;;;;;;;;
;;;;;;;;;;;;
;;;;;;;;;;;;
;;;;;;;;;;;;
;;;;;;;;;;;;
;;;;;;;;;;;;
;;;;;;;;;;;;
;;;;;;;;;;;;
;;;;;;;;;;;;
;;;;;;;;;;;;
;;;;;;;;;;;;
;;;;;;;;;;;;
;;;;;;;;;;;;
;;;;;;;;;;;;
;;;;;;;;;;;;
;;;;;;;;;;;;
;;;;;;;;;;;;
;;;;;;;;;;;;
;;;;;;;;;;;;
;;;;;;;;;;;;
;;;;;;;;;;;;
;;;;;;;;;;;;
;;;;;;;;;;;;
;;;;;;;;;;;;
;;;;;;;;;;;;
;;;;;;;;;;;;
;;;;;;;;;;;;
;;;;;;;;;;;;
;;;;;;;;;;;;
;;;;;;;;;;;;
;;;;;;;;;;;;
;;;;;;;;;;;;
;;;;;;;;;;;;
;;;;;;;;;;;;
;;;;;;;;;;;;
;;;;;;;;;;;;
;;;;;;;;;;;;
;;;;;;;;;;;;
;;;;;;;;;;;;
;;;;;;;;;;;;
;;;;;;;;;;;;
;;;;;;;;;;;;
;;;;;;;;;;;;
;;;;;;;;;;;;
;;;;;;;;;;;;
;;;;;;;;;;;;
;;;;;;;;;;;;
;;;;;;;;;;;;
;;;;;;;;;;;;
;;;;;;;;;;;;
;;;;;;;;;;;;
;;;;;;;;;;;;
;;;;;;;;;;;;
;;;;;;;;;;;;
;;;;;;;;;;;;
;;;;;;;;;;;;
;;;;;;;;;;;;
;;;;;;;;;;;;
;;;;;;;;;;;;
;;;;;;;;;;;;
;;;;;;;;;;;;
;;;;;;;;;;;;
;;;;;;;;;;;;
;;;;;;;;;;;;
;;;;;;;;;;;;
;;;;;;;;;;;;
;;;;;;;;;;;;
;;;;;;;;;;;;
;;;;;;;;;;;;
;;;;;;;;;;;;
;;;;;;;;;;;;
;;;;;;;;;;;;
;;;;;;;;;;;;
;;;;;;;;;;;;
;;;;;;;;;;;;
;;;;;;;;;;;;
;;;;;;;;;;;;
;;;;;;;;;;;;
;;;;;;;;;;;;
;;;;;;;;;;;;
;;;;;;;;;;;;
;;;;;;;;;;;;
;;;;;;;;;;;;
;;;;;;;;;;;;
;;;;;;;;;;;;
;;;;;;;;;;;;
;;;;;;;;;;;;
;;;;;;;;;;;;
;;;;;;;;;;;;
;;;;;;;;;;;;
;;;;;;;;;;;;
;;;;;;;;;;;;
;;;;;;;;;;;;
;;;;;;;;;;;;
;;;;;;;;;;;;
;;;;;;;;;;;;
;;;;;;;;;;;;
;;;;;;;;;;;;
;;;;;;;;;;;;
;;;;;;;;;;;;
;;;;;;;;;;;;
;;;;;;;;;;;;
;;;;;;;;;;;;
;;;;;;;;;;;;
;;;;;;;;;;;;
;;;;;;;;;;;;
;;;;;;;;;;;;
;;;;;;;;;;;;
;;;;;;;;;;;;
;;;;;;;;;;;;
;;;;;;;;;;;;
;;;;;;;;;;;;
;;;;;;;;;;;;
;;;;;;;;;;;;
;;;;;;;;;;;;
;;;;;;;;;;;;
;;;;;;;;;;;;
;;;;;;;;;;;;
;;;;;;;;;;;;
;;;;;;;;;;;;
;;;;;;;;;;;;
;;;;;;;;;;;;
;;;;;;;;;;;;
;;;;;;;;;;;;
;;;;;;;;;;;;
;;;;;;;;;;;;
;;;;;;;;;;;;
;;;;;;;;;;;;
;;;;;;;;;;;;
;;;;;;;;;;;;
;;;;;;;;;;;;
;;;;;;;;;;;;
;;;;;;;;;;;;
;;;;;;;;;;;;
;;;;;;;;;;;;
;;;;;;;;;;;;
;;;;;;;;;;;;
;;;;;;;;;;;;
;;;;;;;;;;;;
;;;;;;;;;;;;
;;;;;;;;;;;;
;;;;;;;;;;;;
;;;;;;;;;;;;
;;;;;;;;;;;;
;;;;;;;;;;;;
;;;;;;;;;;;;
;;;;;;;;;;;;
;;;;;;;;;;;;
;;;;;;;;;;;;
;;;;;;;;;;;;
;;;;;;;;;;;;
;;;;;;;;;;;;
;;;;;;;;;;;;
;;;;;;;;;;;;
;;;;;;;;;;;;
;;;;;;;;;;;;
;;;;;;;;;;;;
;;;;;;;;;;;;
;;;;;;;;;;;;
;;;;;;;;;;;;
;;;;;;;;;;;;
;;;;;;;;;;;;
;;;;;;;;;;;;
;;;;;;;;;;;;
;;;;;;;;;;;;
;;;;;;;;;;;;
;;;;;;;;;;;;
;;;;;;;;;;;;
;;;;;;;;;;;;
;;;;;;;;;;;;
;;;;;;;;;;;;
;;;;;;;;;;;;
;;;;;;;;;;;;
;;;;;;;;;;;;
;;;;;;;;;;;;
;;;;;;;;;;;;
;;;;;;;;;;;;
;;;;;;;;;;;;
;;;;;;;;;;;;
;;;;;;;;;;;;
;;;;;;;;;;;;
;;;;;;;;;;;;
;;;;;;;;;;;;
;;;;;;;;;;;;
;;;;;;;;;;;;
;;;;;;;;;;;;
;;;;;;;;;;;;
;;;;;;;;;;;;
;;;;;;;;;;;;
;;;;;;;;;;;;
;;;;;;;;;;;;
;;;;;;;;;;;;
;;;;;;;;;;;;
;;;;;;;;;;;;
;;;;;;;;;;;;
;;;;;;;;;;;;
;;;;;;;;;;;;
;;;;;;;;;;;;
;;;;;;;;;;;;
;;;;;;;;;;;;
;;;;;;;;;;;;
;;;;;;;;;;;;
;;;;;;;;;;;;
;;;;;;;;;;;;
;;;;;;;;;;;;
;;;;;;;;;;;;
;;;;;;;;;;;;
;;;;;;;;;;;;
;;;;;;;;;;;;
;;;;;;;;;;;;
;;;;;;;;;;;;
;;;;;;;;;;;;
;;;;;;;;;;;;
;;;;;;;;;;;;
;;;;;;;;;;;;
;;;;;;;;;;;;
;;;;;;;;;;;;
;;;;;;;;;;;;
;;;;;;;;;;;;
;;;;;;;;;;;;
;;;;;;;;;;;;
;;;;;;;;;;;;
;;;;;;;;;;;;
;;;;;;;;;;;;
;;;;;;;;;;;;
;;;;;;;;;;;;
;;;;;;;;;;;;
;;;;;;;;;;;;
;;;;;;;;;;;;
;;;;;;;;;;;;
;;;;;;;;;;;;
;;;;;;;;;;;;
;;;;;;;;;;;;
;;;;;;;;;;;;
;;;;;;;;;;;;
;;;;;;;;;;;;
;;;;;;;;;;;;
;;;;;;;;;;;;
;;;;;;;;;;;;
;;;;;;;;;;;;
;;;;;;;;;;;;
;;;;;;;;;;;;
;;;;;;;;;;;;
;;;;;;;;;;;;
;;;;;;;;;;;;
;;;;;;;;;;;;
;;;;;;;;;;;;
;;;;;;;;;;;;
;;;;;;;;;;;;
;;;;;;;;;;;;
;;;;;;;;;;;;
;;;;;;;;;;;;
;;;;;;;;;;;;
;;;;;;;;;;;;
;;;;;;;;;;;;
;;;;;;;;;;;;
;;;;;;;;;;;;
;;;;;;;;;;;;
;;;;;;;;;;;;
;;;;;;;;;;;;
;;;;;;;;;;;;
;;;;;;;;;;;;
;;;;;;;;;;;;
;;;;;;;;;;;;
;;;;;;;;;;;;
;;;;;;;;;;;;
;;;;;;;;;;;;
;;;;;;;;;;;;
;;;;;;;;;;;;
;;;;;;;;;;;;
;;;;;;;;;;;;
;;;;;;;;;;;;
;;;;;;;;;;;;
;;;;;;;;;;;;
;;;;;;;;;;;;
;;;;;;;;;;;;
;;;;;;;;;;;;
;;;;;;;;;;;;
;;;;;;;;;;;;
;;;;;;;;;;;;
;;;;;;;;;;;;
;;;;;;;;;;;;
;;;;;;;;;;;;
;;;;;;;;;;;;
;;;;;;;;;;;;
;;;;;;;;;;;;
;;;;;;;;;;;;
;;;;;;;;;;;;
;;;;;;;;;;;;
;;;;;;;;;;;;
;;;;;;;;;;;;
;;;;;;;;;;;;
;;;;;;;;;;;;
;;;;;;;;;;;;
;;;;;;;;;;;;
;;;;;;;;;;;;
;;;;;;;;;;;;
;;;;;;;;;;;;
;;;;;;;;;;;;
;;;;;;;;;;;;
;;;;;;;;;;;;
;;;;;;;;;;;;
;;;;;;;;;;;;
;;;;;;;;;;;;
;;;;;;;;;;;;
;;;;;;;;;;;;
;;;;;;;;;;;;
;;;;;;;;;;;;
;;;;;;;;;;;;
;;;;;;;;;;;;
;;;;;;;;;;;;
;;;;;;;;;;;;
;;;;;;;;;;;;
;;;;;;;;;;;;
;;;;;;;;;;;;
;;;;;;;;;;;;
;;;;;;;;;;;;
;;;;;;;;;;;;
;;;;;;;;;;;;
;;;;;;;;;;;;
;;;;;;;;;;;;
;;;;;;;;;;;;
;;;;;;;;;;;;
;;;;;;;;;;;;
;;;;;;;;;;;;
;;;;;;;;;;;;
;;;;;;;;;;;;
;;;;;;;;;;;;
;;;;;;;;;;;;
;;;;;;;;;;;;
;;;;;;;;;;;;
;;;;;;;;;;;;
;;;;;;;;;;;;
;;;;;;;;;;;;
;;;;;;;;;;;;
;;;;;;;;;;;;
;;;;;;;;;;;;
;;;;;;;;;;;;
;;;;;;;;;;;;
;;;;;;;;;;;;
;;;;;;;;;;;;
;;;;;;;;;;;;
;;;;;;;;;;;;
;;;;;;;;;;;;
;;;;;;;;;;;;
;;;;;;;;;;;;
;;;;;;;;;;;;
;;;;;;;;;;;;
;;;;;;;;;;;;
;;;;;;;;;;;;
;;;;;;;;;;;;
;;;;;;;;;;;;
;;;;;;;;;;;;
;;;;;;;;;;;;
;;;;;;;;;;;;
;;;;;;;;;;;;
;;;;;;;;;;;;
;;;;;;;;;;;;
;;;;;;;;;;;;
;;;;;;;;;;;;
;;;;;;;;;;;;
;;;;;;;;;;;;
;;;;;;;;;;;;
;;;;;;;;;;;;
;;;;;;;;;;;;
;;;;;;;;;;;;
;;;;;;;;;;;;
;;;;;;;;;;;;
;;;;;;;;;;;;
;;;;;;;;;;;;
